{"loss": [0.7213870286941528, 0.5305555462837219, 0.4591239392757416, 0.42272627353668213, 0.3965173363685608, 0.3740326762199402, 0.3583005964756012, 0.33111169934272766, 0.33280879259109497, 0.32244130969047546, 0.30214229226112366, 0.31532198190689087, 0.29207250475883484, 0.2719469368457794, 0.27456459403038025, 0.2632898688316345, 0.2604862451553345, 0.2544839382171631, 0.2439798265695572, 0.2540247440338135, 0.23112714290618896, 0.2274259328842163, 0.22214210033416748, 0.20957906544208527, 0.22165317833423615, 0.19932103157043457, 0.2011944204568863, 0.1938125491142273, 0.21286506950855255, 0.20049142837524414, 0.205609530210495, 0.18980006873607635, 0.18579784035682678, 0.17957429587841034, 0.1798965036869049, 0.17245645821094513, 0.17309656739234924, 0.17366953194141388, 0.16804514825344086, 0.16578353941440582, 0.16534122824668884, 0.1583363115787506], "accuracy": [0.7163639068603516, 0.7813653349876404, 0.8129435181617737, 0.8255038261413574, 0.8376383781433105, 0.8455861210823059, 0.8550950884819031, 0.8628299832344055, 0.8625461459159851, 0.8680102229118347, 0.876312792301178, 0.8697842955589294, 0.8779449462890625, 0.8912148475646973, 0.8907890915870667, 0.8926340937614441, 0.8946210741996765, 0.900439977645874, 0.9049105644226074, 0.9007948040962219, 0.9072523713111877, 0.9105875492095947, 0.9147743582725525, 0.9179676175117493, 0.9142066240310669, 0.9237155914306641, 0.9216576814651489, 0.9259863495826721, 0.919032096862793, 0.9222963452339172, 0.9183224439620972, 0.9224382638931274, 0.9320181608200073, 0.9339341521263123, 0.9307408332824707, 0.933295488357544, 0.9346437454223633, 0.9347147345542908, 0.9364888072013855, 0.9361339807510376, 0.9384047389030457, 0.9408884644508362], "val_loss": [0.47624051570892334, 0.39446794986724854, 0.35867324471473694, 0.3670139014720917, 0.3237484097480774, 0.31422680616378784, 0.2980208694934845, 0.30266836285591125, 0.28740769624710083, 0.27079257369041443, 0.28498202562332153, 0.2569921910762787, 0.2561146318912506, 0.2598121762275696, 0.24602007865905762, 0.2322586625814438, 0.226583793759346, 0.22403596341609955, 0.2372020035982132, 0.2183918058872223, 0.21988077461719513, 0.20460794866085052, 0.19866622984409332, 0.1991983950138092, 0.1966427117586136, 0.19054953753948212, 0.18709586560726166, 0.1804167479276657, 0.18096375465393066, 0.17668816447257996, 0.1871674805879593, 0.1998341977596283, 0.1727810800075531, 0.17599225044250488, 0.1748051792383194, 0.16211915016174316, 0.16673165559768677, 0.16655094921588898, 0.16524644196033478, 0.1767038255929947, 0.16424354910850525, 0.1588580459356308], "val_accuracy": [0.8111868500709534, 0.8373083472251892, 0.8492333889007568, 0.8500851988792419, 0.8702442049980164, 0.8659852147102356, 0.8773424029350281, 0.8759227991104126, 0.8790460228919983, 0.8889835476875305, 0.8798977732658386, 0.8918228149414062, 0.890403151512146, 0.8946621417999268, 0.9034639596939087, 0.9040318131446838, 0.9099943041801453, 0.908858597278595, 0.9065871834754944, 0.9119818210601807, 0.9094264507293701, 0.9236229658126831, 0.9199318289756775, 0.918512225151062, 0.9241908192634583, 0.9258943796157837, 0.9290176033973694, 0.9321408271789551, 0.9304372668266296, 0.9346961975097656, 0.9315729737281799, 0.9287336468696594, 0.9378194212913513, 0.9352640509605408, 0.9349801540374756, 0.9423623085021973, 0.9429301619529724, 0.941226601600647, 0.9423623085021973, 0.9352640509605408, 0.9386712312698364, 0.945485532283783]}